{"frames":{"blue_walk0.png":{"frame":{"x":0,"y":0,"w":320,"h":320},"rotated":false,"trimmed":false,"spriteSourceSize":{"x":0,"y":0,"w":320,"h":320},"sourceSize":{"w":320,"h":320}},"blue_walk1.png":{"frame":{"x":320,"y":0,"w":320,"h":320},"rotated":false,"trimmed":false,"spriteSourceSize":{"x":0,"y":0,"w":320,"h":320},"sourceSize":{"w":320,"h":320}},"blue_walk2.png":{"frame":{"x":0,"y":320,"w":320,"h":320},"rotated":false,"trimmed":false,"spriteSourceSize":{"x":0,"y":0,"w":320,"h":320},"sourceSize":{"w":320,"h":320}},"blue_walk3.png":{"frame":{"x":320,"y":320,"w":320,"h":320},"rotated":false,"trimmed":false,"spriteSourceSize":{"x":0,"y":0,"w":320,"h":320},"sourceSize":{"w":320,"h":320}}},"meta":{"app":"https://github.com/piskelapp/piskel/","version":"1.0","image":"blue_walk.png","format":"RGBA8888","size":{"w":640,"h":640}}}