{"frames":{"distraction0.png":{"frame":{"x":0,"y":0,"w":320,"h":320},"rotated":false,"trimmed":false,"spriteSourceSize":{"x":0,"y":0,"w":320,"h":320},"sourceSize":{"w":320,"h":320}},"distraction1.png":{"frame":{"x":320,"y":0,"w":320,"h":320},"rotated":false,"trimmed":false,"spriteSourceSize":{"x":0,"y":0,"w":320,"h":320},"sourceSize":{"w":320,"h":320}},"distraction2.png":{"frame":{"x":0,"y":320,"w":320,"h":320},"rotated":false,"trimmed":false,"spriteSourceSize":{"x":0,"y":0,"w":320,"h":320},"sourceSize":{"w":320,"h":320}},"distraction3.png":{"frame":{"x":320,"y":320,"w":320,"h":320},"rotated":false,"trimmed":false,"spriteSourceSize":{"x":0,"y":0,"w":320,"h":320},"sourceSize":{"w":320,"h":320}}},"meta":{"app":"https://github.com/piskelapp/piskel/","version":"1.0","image":"distraction.png","format":"RGBA8888","size":{"w":640,"h":640}}}